onset	duration	begsample	endsample	offset
4.0444	0.9	10112	12361	-750
4.6016	0.9	11505	13754	-750
5.1556	0.9	12890	15139	-750
5.7088	0.9	14273	16522	-750
6.2624	0.9	15657	17906	-750
6.8156	0.9	17040	19289	-750
7.3696	0.9	18425	20674	-750
7.9236	0.9	19810	22059	-750
8.4768	0.9	21193	23442	-750
9.0308	0.9	22578	24827	-750
9.59	0.9	23976	26225	-750
10.148	0.9	25371	27620	-750
10.702	0.9	26756	29005	-750
11.256	0.9	28141	30390	-750
11.8092	0.9	29524	31773	-750
12.3632	0.9	30909	33158	-750
12.916	0.9	32291	34540	-750
13.4704	0.9	33677	35926	-750
14.024	0.9	35061	37310	-750
14.5772	0.9	36444	38693	-750
15.1312	0.9	37829	40078	-750
15.6844	0.9	39212	41461	-750
16.2384	0.9	40597	42846	-750
16.7924	0.9	41982	44231	-750
17.3452	0.9	43364	45613	-750
17.8996	0.9	44750	46999	-750
18.4536	0.9	46135	48384	-750
19.0064	0.9	47517	49766	-750
19.5604	0.9	48902	51151	-750
20.1136	0.9	50285	52534	-750
20.6676	0.9	51670	53919	-750
21.2216	0.9	53055	55304	-750
21.7748	0.9	54438	56687	-750
22.3288	0.9	55823	58072	-750
22.8828	0.9	57208	59457	-750
23.4356	0.9	58590	60839	-750
23.99	0.9	59976	62225	-750
24.5428	0.9	61358	63607	-750
25.0968	0.9	62743	64992	-750
25.6508	0.9	64128	66377	-750
26.204	0.9	65511	67760	-750
26.758	0.9	66896	69145	-750
27.3112	0.9	68279	70528	-750
27.8652	0.9	69664	71913	-750
28.4192	0.9	71049	73298	-750
28.9724	0.9	72432	74681	-750
29.5264	0.9	73817	76066	-750
30.0804	0.9	75202	77451	-750
30.6332	0.9	76584	78833	-750
31.1872	0.9	77969	80218	-750
31.7404	0.9	79352	81601	-750
32.2944	0.9	80737	82986	-750
32.8484	0.9	82122	84371	-750
33.4016	0.9	83505	85754	-750
33.9556	0.9	84890	87139	-750
34.5084	0.9	86272	88521	-750
35.0624	0.9	87657	89906	-750
35.616	0.9	89041	91290	-750
36.1696	0.9	90425	92674	-750
36.7236	0.9	91810	94059	-750
37.2776	0.9	93195	95444	-750
37.8308	0.9	94578	96827	-750
38.3848	0.9	95963	98212	-750
38.938	0.9	97346	99595	-750
39.492	0.9	98731	100980	-750
40.046	0.9	100116	102365	-750
40.5988	0.9	101498	103747	-750
41.1528	0.9	102883	105132	-750
41.7068	0.9	104268	106517	-750
42.26	0.9	105651	107900	-750
42.814	0.9	107036	109285	-750
43.3672	0.9	108419	110668	-750
43.9212	0.9	109804	112053	-750
44.4752	0.9	111189	113438	-750
45.028	0.9	112571	114820	-750
45.5824	0.9	113957	116206	-750
46.1364	0.9	115342	117591	-750
46.6892	0.9	116724	118973	-750
47.2432	0.9	118109	120358	-750
47.7964	0.9	119492	121741	-750
48.3504	0.9	120877	123126	-750
48.9044	0.9	122262	124511	-750
49.4576	0.9	123645	125894	-750
50.0116	0.9	125030	127279	-750
50.5644	0.9	126412	128661	-750
51.1188	0.9	127798	130047	-750
51.6728	0.9	129183	131432	-750
52.2256	0.9	130565	132814	-750
52.7796	0.9	131950	134199	-750
53.3336	0.9	133335	135584	-750
53.8868	0.9	134718	136967	-750
54.4408	0.9	136103	138352	-750
54.994	0.9	137486	139735	-750
55.548	0.9	138871	141120	-750
56.102	0.9	140256	142505	-750
56.6552	0.9	141639	143888	-750
57.2092	0.9	143024	145273	-750
57.7632	0.9	144409	146658	-750
58.316	0.9	145791	148040	-750
58.87	0.9	147176	149425	-750
59.4232	0.9	148559	150808	-750
59.9772	0.9	149944	152193	-750
60.5312	0.9	151329	153578	-750
61.0844	0.9	152712	154961	-750
61.6384	0.9	154097	156346	-750
62.1912	0.9	155479	157728	-750
62.7452	0.9	156864	159113	-750
63.2996	0.9	158250	160499	-750
63.8524	0.9	159632	161881	-750
64.4064	0.9	161017	163266	-750
64.9604	0.9	162402	164651	-750
65.5136	0.9	163785	166034	-750
66.0676	0.9	165170	167419	-750
66.6208	0.9	166553	168802	-750
67.1748	0.9	167938	170187	-750
67.7288	0.9	169323	171572	-750
68.2816	0.9	170705	172954	-750
68.836	0.9	172091	174340	-750
69.3896	0.9	173475	175724	-750
69.9428	0.9	174858	177107	-750
70.4968	0.9	176243	178492	-750
71.05	0.9	177626	179875	-750
71.604	0.9	179011	181260	-750
72.158	0.9	180396	182645	-750
72.7108	0.9	181778	184027	-750
73.2652	0.9	183164	185413	-750
73.818	0.9	184546	186795	-750
74.372	0.9	185931	188180	-750
74.9264	0.9	187317	189566	-750
75.4792	0.9	188699	190948	-750
76.0332	0.9	190084	192333	-750
76.5872	0.9	191469	193718	-750
77.1404	0.9	192852	195101	-750
77.6944	0.9	194237	196486	-750
78.2476	0.9	195620	197869	-750
78.8016	0.9	197005	199254	-750
79.3556	0.9	198390	200639	-750
79.9084	0.9	199772	202021	-750
80.4624	0.9	201157	203406	-750
81.0168	0.9	202543	204792	-750
81.5696	0.9	203925	206174	-750
82.1236	0.9	205310	207559	-750
82.6768	0.9	206693	208942	-750
83.2308	0.9	208078	210327	-750
83.7848	0.9	209463	211712	-750
84.338	0.9	210846	213095	-750
84.892	0.9	212231	214480	-750
85.4448	0.9	213613	215862	-750
85.9988	0.9	214998	217247	-750
86.5532	0.9	216384	218633	-750
87.106	0.9	217766	220015	-750
87.66	0.9	219151	221400	-750
88.214	0.9	220536	222785	-750
88.7672	0.9	221919	224168	-750
89.3212	0.9	223304	225553	-750
89.874	0.9	224686	226935	-750
90.4284	0.9	226072	228321	-750
90.982	0.9	227456	229705	-750
91.5352	0.9	228839	231088	-750
92.0892	0.9	230224	232473	-750
92.6432	0.9	231609	233858	-750
93.1964	0.9	232992	235241	-750
93.7504	0.9	234377	236626	-750
94.3036	0.9	235760	238009	-750
94.8576	0.9	237145	239394	-750
95.4116	0.9	238530	240779	-750
95.9648	0.9	239913	242162	-750
96.5188	0.9	241298	243547	-750
97.0716	0.9	242680	244929	-750
97.6256	0.9	244065	246314	-750
98.1796	0.9	245450	247699	-750
98.7328	0.9	246833	249082	-750
99.2868	0.9	248218	250467	-750
99.8408	0.9	249603	251852	-750
100.394	0.9	250986	253235	-750
100.948	0.9	252371	254620	-750
101.5012	0.9	253754	256003	-750
102.0548	0.9	255138	257387	-750
102.6092	0.9	256524	258773	-750
103.162	0.9	257906	260155	-750
103.716	0.9	259291	261540	-750
104.27	0.9	260676	262925	-750
104.8232	0.9	262059	264308	-750
105.3772	0.9	263444	265693	-750
105.9304	0.9	264827	267076	-750
106.4844	0.9	266212	268461	-750
107.0384	0.9	267597	269846	-750
107.5912	0.9	268979	271228	-750
108.1452	0.9	270364	272613	-750
108.6996	0.9	271750	273999	-750
109.2524	0.9	273132	275381	-750
109.8064	0.9	274517	276766	-750
110.3596	0.9	275900	278149	-750
110.9136	0.9	277285	279534	-750
111.4676	0.9	278670	280919	-750
112.0208	0.9	280053	282302	-750
112.5748	0.9	281438	283687	-750
113.1288	0.9	282823	285072	-750
113.682	0.9	284206	286455	-750
114.236	0.9	285591	287840	-750
114.7888	0.9	286973	289222	-750
115.3428	0.9	288358	290607	-750
115.8968	0.9	289743	291992	-750
116.45	0.9	291126	293375	-750
117.004	0.9	292511	294760	-750
117.5572	0.9	293894	296143	-750
118.1112	0.9	295279	297528	-750
118.6652	0.9	296664	298913	-750
119.218	0.9	298046	300295	-750
119.772	0.9	299431	301680	-750
120.3264	0.9	300817	303066	-750
120.8792	0.9	302199	304448	-750
121.4332	0.9	303584	305833	-750
121.9864	0.9	304967	307216	-750
122.5404	0.9	306352	308601	-750
123.0944	0.9	307737	309986	-750
123.6476	0.9	309120	311369	-750
124.2016	0.9	310505	312754	-750
124.7544	0.9	311887	314136	-750
125.3084	0.9	313272	315521	-750
125.8628	0.9	314658	316907	-750
126.4156	0.9	316040	318289	-750
126.9696	0.9	317425	319674	-750
127.5236	0.9	318810	321059	-750
128.0768	0.9	320193	322442	-750
128.6308	0.9	321578	323827	-750
129.184	0.9	322961	325210	-750
129.738	0.9	324346	326595	-750
130.292	0.9	325731	327980	-750
130.8448	0.9	327113	329362	-750
131.3988	0.9	328498	330747	-750
131.9532	0.9	329884	332133	-750
132.506	0.9	331266	333515	-750
133.06	0.9	332651	334900	-750
133.6132	0.9	334034	336283	-750
134.1672	0.9	335419	337668	-750
134.7212	0.9	336804	339053	-750
135.2744	0.9	338187	340436	-750
135.8284	0.9	339572	341821	-750
136.3812	0.9	340954	343203	-750
136.9352	0.9	342339	344588	-750
137.4892	0.9	343724	345973	-750
138.0424	0.9	345107	347356	-750
138.5964	0.9	346492	348741	-750
139.1504	0.9	347877	350126	-750
139.7036	0.9	349260	351509	-750
140.2576	0.9	350645	352894	-750
140.8108	0.9	352028	354277	-750
141.3648	0.9	353413	355662	-750
141.9188	0.9	354798	357047	-750
142.4716	0.9	356180	358429	-750
143.0256	0.9	357565	359814	-750
143.5796	0.9	358950	361199	-750
144.1328	0.9	360333	362582	-750
144.6868	0.9	361718	363967	-750
145.24	0.9	363101	365350	-750
145.794	0.9	364486	366735	-750
146.348	0.9	365871	368120	-750
146.9012	0.9	367254	369503	-750
147.4552	0.9	368639	370888	-750
148.0092	0.9	370024	372273	-750
148.562	0.9	371406	373655	-750
149.116	0.9	372791	375040	-750
149.6692	0.9	374174	376423	-750
150.2232	0.9	375559	377808	-750
150.7772	0.9	376944	379193	-750
151.3304	0.9	378327	380576	-750
151.8844	0.9	379712	381961	-750
152.4372	0.9	381094	383343	-750
152.9916	0.9	382480	384729	-750
153.5456	0.9	383865	386114	-750
154.0984	0.9	385247	387496	-750
154.6524	0.9	386632	388881	-750
155.2064	0.9	388017	390266	-750
155.7596	0.9	389400	391649	-750
156.3136	0.9	390785	393034	-750
156.8668	0.9	392168	394417	-750
157.4208	0.9	393553	395802	-750
157.9748	0.9	394938	397187	-750
158.5276	0.9	396320	398569	-750
159.082	0.9	397706	399955	-750
159.636	0.9	399091	401340	-750
160.1888	0.9	400473	402722	-750
160.7428	0.9	401858	404107	-750
161.296	0.9	403241	405490	-750
161.85	0.9	404626	406875	-750
162.404	0.9	406011	408260	-750
162.9572	0.9	407394	409643	-750
163.5112	0.9	408779	411028	-750
164.064	0.9	410161	412410	-750
164.618	0.9	411546	413795	-750
165.172	0.9	412931	415180	-750
165.7252	0.9	414314	416563	-750
166.2792	0.9	415699	417948	-750
166.8332	0.9	417084	419333	-750
167.3864	0.9	418467	420716	-750
167.9404	0.9	419852	422101	-750
168.4936	0.9	421235	423484	-750
169.0476	0.9	422620	424869	-750
169.6016	0.9	424005	426254	-750
170.1544	0.9	425387	427636	-750
170.7088	0.9	426773	429022	-750
171.2624	0.9	428157	430406	-750
171.8156	0.9	429540	431789	-750
172.3696	0.9	430925	433174	-750
172.9228	0.9	432308	434557	-750
173.4768	0.9	433693	435942	-750
174.0308	0.9	435078	437327	-750
174.584	0.9	436461	438710	-750
175.138	0.9	437846	440095	-750
175.6908	0.9	439228	441477	-750
176.2448	0.9	440613	442862	-750
176.7992	0.9	441999	444248	-750
177.352	0.9	443381	445630	-750
177.906	0.9	444766	447015	-750
178.46	0.9	446151	448400	-750
179.0132	0.9	447534	449783	-750
179.5672	0.9	448919	451168	-750
180.1204	0.9	450302	452551	-750
180.6744	0.9	451687	453936	-750
181.2284	0.9	453072	455321	-750
181.7812	0.9	454454	456703	-750
182.3352	0.9	455839	458088	-750
182.8892	0.9	457224	459473	-750
183.4424	0.9	458607	460856	-750
183.9964	0.9	459992	462241	-750
184.5496	0.9	461375	463624	-750
185.1036	0.9	462760	465009	-750
185.6576	0.9	464145	466394	-750
186.2108	0.9	465528	467777	-750
186.7644	0.9	466912	469161	-750
187.3176	0.9	468295	470544	-750
187.8716	0.9	469680	471929	-750
188.4256	0.9	471065	473314	-750
188.9788	0.9	472448	474697	-750
189.5328	0.9	473833	476082	-750
190.0868	0.9	475218	477467	-750
190.64	0.9	476601	478850	-750
191.194	0.9	477986	480235	-750
191.7472	0.9	479369	481618	-750
192.3012	0.9	480754	483003	-750
192.8552	0.9	482139	484388	-750
193.408	0.9	483521	485770	-750
193.962	0.9	484906	487155	-750
194.516	0.9	486291	488540	-750
195.0692	0.9	487674	489923	-750
195.6232	0.9	489059	491308	-750
196.1764	0.9	490442	492691	-750
196.7304	0.9	491827	494076	-750
197.2844	0.9	493212	495461	-750
197.8376	0.9	494595	496844	-750
198.3916	0.9	495980	498229	-750
198.9444	0.9	497362	499611	-750
199.4984	0.9	498747	500996	-750
200.0524	0.9	500132	502381	-750
200.6056	0.9	501515	503764	-750
201.1596	0.9	502900	505149	-750
201.7136	0.9	504285	506534	-750
202.2668	0.9	505668	507917	-750
202.8208	0.9	507053	509302	-750
203.3736	0.9	508435	510684	-750
203.928	0.9	509821	512070	-750
204.482	0.9	511206	513455	-750
205.0348	0.9	512588	514837	-750
205.5888	0.9	513973	516222	-750
206.1432	0.9	515359	517608	-750
206.696	0.9	516741	518990	-750
207.25	0.9	518126	520375	-750
207.8032	0.9	519509	521758	-750
208.3572	0.9	520894	523143	-750
208.9112	0.9	522279	524528	-750
209.4644	0.9	523662	525911	-750
210.0184	0.9	525047	527296	-750
210.5724	0.9	526432	528681	-750
211.1252	0.9	527814	530063	-750
211.6796	0.9	529200	531449	-750
212.2324	0.9	530582	532831	-750
212.7864	0.9	531967	534216	-750
213.3404	0.9	533352	535601	-750
213.8936	0.9	534735	536984	-750
214.4476	0.9	536120	538369	-750
215.0004	0.9	537502	539751	-750
215.5548	0.9	538888	541137	-750
216.1088	0.9	540273	542522	-750
216.6616	0.9	541655	543904	-750
217.2156	0.9	543040	545289	-750
217.7696	0.9	544425	546674	-750
218.3228	0.9	545808	548057	-750
218.8768	0.9	547193	549442	-750
219.43	0.9	548576	550825	-750
219.984	0.9	549961	552210	-750
220.538	0.9	551346	553595	-750
221.0908	0.9	552728	554977	-750
221.6448	0.9	554113	556362	-750
222.1992	0.9	555499	557748	-750
222.752	0.9	556881	559130	-750
223.306	0.9	558266	560515	-750
223.8592	0.9	559649	561898	-750
224.4132	0.9	561034	563283	-750
224.9672	0.9	562419	564668	-750
225.5204	0.9	563802	566051	-750
226.0744	0.9	565187	567436	-750
226.6272	0.9	566569	568818	-750
227.1812	0.9	567954	570203	-750
227.7356	0.9	569340	571589	-750
228.2884	0.9	570722	572971	-750
228.8424	0.9	572107	574356	-750
229.3964	0.9	573492	575741	-750
229.9496	0.9	574875	577124	-750
230.5036	0.9	576260	578509	-750
231.0564	0.9	577642	579891	-750
231.6108	0.9	579028	581277	-750
232.1648	0.9	580413	582662	-750
232.7176	0.9	581795	584044	-750
233.2716	0.9	583180	585429	-750
233.826	0.9	584566	586815	-750
234.3788	0.9	585948	588197	-750
234.9328	0.9	587333	589582	-750
235.486	0.9	588716	590965	-750
236.04	0.9	590101	592350	-750
236.594	0.9	591486	593735	-750
237.1468	0.9	592868	595117	-750
237.7012	0.9	594254	596503	-750
238.2552	0.9	595639	597888	-750
238.808	0.9	597021	599270	-750
239.362	0.9	598406	600655	-750
239.9152	0.9	599789	602038	-750
240.4692	0.9	601174	603423	-750
241.0232	0.9	602559	604808	-750
241.5764	0.9	603942	606191	-750
242.1304	0.9	605327	607576	-750
242.6832	0.9	606709	608958	-750
243.2376	0.9	608095	610344	-750
243.7916	0.9	609480	611729	-750
244.3444	0.9	610862	613111	-750
244.8984	0.9	612247	614496	-750
245.4524	0.9	613632	615881	-750
246.0056	0.9	615015	617264	-750
246.5596	0.9	616400	618649	-750
247.1128	0.9	617783	620032	-750
247.6668	0.9	619168	621417	-750
248.2208	0.9	620553	622802	-750
248.7736	0.9	621935	624184	-750
249.328	0.9	623321	625570	-750
249.8808	0.9	624703	626952	-750
250.4348	0.9	626088	628337	-750
250.9888	0.9	627473	629722	-750
251.542	0.9	628856	631105	-750
252.096	0.9	630241	632490	-750
252.65	0.9	631626	633875	-750
253.2032	0.9	633009	635258	-750
253.7572	0.9	634394	636643	-750
254.3104	0.9	635777	638026	-750
254.864	0.9	637161	639410	-750
255.4184	0.9	638547	640796	-750
255.9712	0.9	639929	642178	-750
256.5252	0.9	641314	643563	-750
257.0792	0.9	642699	644948	-750
257.6324	0.9	644082	646331	-750
258.1864	0.9	645467	647716	-750
258.7396	0.9	646850	649099	-750
259.2936	0.9	648235	650484	-750
259.8476	0.9	649620	651869	-750
260.4004	0.9	651002	653251	-750
260.9548	0.9	652388	654637	-750
261.5088	0.9	653773	656022	-750
262.0616	0.9	655155	657404	-750
262.6156	0.9	656540	658789	-750
263.1688	0.9	657923	660172	-750
263.7228	0.9	659308	661557	-750
264.2768	0.9	660693	662942	-750
264.83	0.9	662076	664325	-750
265.384	0.9	663461	665710	-750
265.9368	0.9	664843	667092	-750
266.4908	0.9	666228	668477	-750
267.0448	0.9	667613	669862	-750
267.598	0.9	668996	671245	-750
268.152	0.9	670381	672630	-750
268.706	0.9	671766	674015	-750
269.2592	0.9	673149	675398	-750
269.8132	0.9	674534	676783	-750
270.3664	0.9	675917	678166	-750
270.9204	0.9	677302	679551	-750
271.4736	0.9	678685	680934	-750
272.0272	0.9	680069	682318	-750
272.5812	0.9	681454	683703	-750
273.1356	0.9	682840	685089	-750
273.6884	0.9	684222	686471	-750
274.2424	0.9	685607	687856	-750
274.7956	0.9	686990	689239	-750
275.3496	0.9	688375	690624	-750
275.9036	0.9	689760	692009	-750
276.4568	0.9	691143	693392	-750
277.0108	0.9	692528	694777	-750
277.5636	0.9	693910	696159	-750
278.1176	0.9	695295	697544	-750
278.672	0.9	696681	698930	-750
279.2248	0.9	698063	700312	-750
279.7792	0.9	699449	701698	-750
280.3328	0.9	700833	703082	-750
280.886	0.9	702216	704465	-750
281.44	0.9	703601	705850	-750
281.9932	0.9	704984	707233	-750
282.5472	0.9	706369	708618	-750
283.1012	0.9	707754	710003	-750
283.654	0.9	709136	711385	-750
284.208	0.9	710521	712770	-750
284.7624	0.9	711907	714156	-750
285.3152	0.9	713289	715538	-750
285.8692	0.9	714674	716923	-750
286.4224	0.9	716057	718306	-750
286.9764	0.9	717442	719691	-750
287.5304	0.9	718827	721076	-750
288.0836	0.9	720210	722459	-750
288.6372	0.9	721594	723843	-750
289.1916	0.9	722980	725229	-750
289.7444	0.9	724362	726611	-750
290.2984	0.9	725747	727996	-750
290.8516	0.9	727130	729379	-750
291.4056	0.9	728515	730764	-750
291.9596	0.9	729900	732149	-750
292.5128	0.9	731283	733532	-750
293.0668	0.9	732668	734917	-750
293.6196	0.9	734050	736299	-750
294.174	0.9	735436	737685	-750
294.728	0.9	736821	739070	-750
295.2808	0.9	738203	740452	-750
295.8348	0.9	739588	741837	-750
296.3892	0.9	740974	743223	-750
296.942	0.9	742356	744605	-750
297.496	0.9	743741	745990	-750
298.0492	0.9	745124	747373	-750
298.6032	0.9	746509	748758	-750
299.1572	0.9	747894	750143	-750
299.71	0.9	749276	751525	-750
300.2644	0.9	750662	752911	-750
300.8184	0.9	752047	754296	-750
301.3712	0.9	753429	755678	-750
301.9252	0.9	754814	757063	-750
302.4784	0.9	756197	758446	-750
303.0324	0.9	757582	759831	-750
303.5864	0.9	758967	761216	-750
304.1396	0.9	760350	762599	-750
304.6936	0.9	761735	763984	-750
305.2464	0.9	763117	765366	-750
305.8008	0.9	764503	766752	-750
306.3548	0.9	765888	768137	-750
306.9076	0.9	767270	769519	-750
307.4616	0.9	768655	770904	-750
308.016	0.9	770041	772290	-750
308.5688	0.9	771423	773672	-750
309.1228	0.9	772808	775057	-750
309.676	0.9	774191	776440	-750
310.23	0.9	775576	777825	-750
310.784	0.9	776961	779210	-750
311.3368	0.9	778343	780592	-750
311.8912	0.9	779729	781978	-750
312.444	0.9	781111	783360	-750
312.998	0.9	782496	784745	-750
313.552	0.9	783881	786130	-750
314.1052	0.9	785264	787513	-750
314.6592	0.9	786649	788898	-750
315.2132	0.9	788034	790283	-750
315.7664	0.9	789417	791666	-750
316.3204	0.9	790802	793051	-750
316.8732	0.9	792184	794433	-750
317.4272	0.9	793569	795818	-750
317.9816	0.9	794955	797204	-750
318.5344	0.9	796337	798586	-750
319.0884	0.9	797722	799971	-750
319.6424	0.9	799107	801356	-750
320.1956	0.9	800490	802739	-750
320.7496	0.9	801875	804124	-750
321.3028	0.9	803258	805507	-750
321.8568	0.9	804643	806892	-750
322.4108	0.9	806028	808277	-750
322.9636	0.9	807410	809659	-750
323.5176	0.9	808795	811044	-750
324.072	0.9	810181	812430	-750
324.6248	0.9	811563	813812	-750
325.1788	0.9	812948	815197	-750
325.732	0.9	814331	816580	-750
326.286	0.9	815716	817965	-750
326.84	0.9	817101	819350	-750
327.3932	0.9	818484	820733	-750
327.9472	0.9	819869	822118	-750
328.5	0.9	821251	823500	-750
329.054	0.9	822636	824885	-750
329.6084	0.9	824022	826271	-750
330.1612	0.9	825404	827653	-750
330.7152	0.9	826789	829038	-750
331.2692	0.9	828174	830423	-750
331.8224	0.9	829557	831806	-750
332.3764	0.9	830942	833191	-750
332.9296	0.9	832325	834574	-750
333.4836	0.9	833710	835959	-750
334.0376	0.9	835095	837344	-750
334.5904	0.9	836477	838726	-750
335.1444	0.9	837862	840111	-750
335.6988	0.9	839248	841497	-750
336.2516	0.9	840630	842879	-750
336.8056	0.9	842015	844264	-750
337.3588	0.9	843398	845647	-750
337.9128	0.9	844783	847032	-750
338.4668	0.9	846168	848417	-750
339.02	0.9	847551	849800	-750
339.574	0.9	848936	851185	-750
340.1268	0.9	850318	852567	-750
340.6812	0.9	851704	853953	-750
341.2348	0.9	853088	855337	-750
341.788	0.9	854471	856720	-750
342.342	0.9	855856	858105	-750
342.896	0.9	857241	859490	-750
343.4492	0.9	858624	860873	-750
344.0032	0.9	860009	862258	-750
344.556	0.9	861391	863640	-750
345.1104	0.9	862777	865026	-750
345.6644	0.9	864162	866411	-750
346.2172	0.9	865544	867793	-750
346.7716	0.9	866930	869179	-750
347.3252	0.9	868314	870563	-750
347.8784	0.9	869697	871946	-750
348.4324	0.9	871082	873331	-750
348.9856	0.9	872465	874714	-750
349.5396	0.9	873850	876099	-750
350.0936	0.9	875235	877484	-750
350.6468	0.9	876618	878867	-750
351.2008	0.9	878003	880252	-750
351.7548	0.9	879388	881637	-750
352.3076	0.9	880770	883019	-750
352.8616	0.9	882155	884404	-750
353.4148	0.9	883538	885787	-750
353.9688	0.9	884923	887172	-750
354.5228	0.9	886308	888557	-750
355.076	0.9	887691	889940	-750
355.63	0.9	889076	891325	-750
356.1828	0.9	890458	892707	-750
356.7372	0.9	891844	894093	-750
357.2912	0.9	893229	895478	-750
357.844	0.9	894611	896860	-750
358.398	0.9	895996	898245	-750
358.9524	0.9	897382	899631	-750
359.5052	0.9	898764	901013	-750
360.0592	0.9	900149	902398	-750
360.6124	0.9	901532	903781	-750
361.1664	0.9	902917	905166	-750
361.7204	0.9	904302	906551	-750
362.2736	0.9	905685	907934	-750
362.8268	0.9	907068	909317	-750
363.3816	0.9	908455	910704	-750
363.9344	0.9	909837	912086	-750
364.4884	0.9	911222	913471	-750
365.0416	0.9	912605	914854	-750
365.5956	0.9	913990	916239	-750
366.1496	0.9	915375	917624	-750
366.7028	0.9	916758	919007	-750
367.2568	0.9	918143	920392	-750
367.8096	0.9	919525	921774	-750
368.3636	0.9	920910	923159	-750
368.9176	0.9	922295	924544	-750
369.4708	0.9	923678	925927	-750
370.0248	0.9	925063	927312	-750
370.5788	0.9	926448	928697	-750
371.132	0.9	927831	930080	-750
371.686	0.9	929216	931465	-750
372.2392	0.9	930599	932848	-750
372.7932	0.9	931984	934233	-750
373.3472	0.9	933369	935618	-750
373.9	0.9	934751	937000	-750
374.454	0.9	936136	938385	-750
375.008	0.9	937521	939770	-750
375.5612	0.9	938904	941153	-750
376.1152	0.9	940289	942538	-750
376.6684	0.9	941672	943921	-750
377.2224	0.9	943057	945306	-750
377.7764	0.9	944442	946691	-750
378.3296	0.9	945825	948074	-750
378.8836	0.9	947210	949459	-750
379.4364	0.9	948592	950841	-750
379.9904	0.9	949977	952226	-750
380.5448	0.9	951363	953612	-750
381.0976	0.9	952745	954994	-750
381.6516	0.9	954130	956379	-750
382.2056	0.9	955515	957764	-750
382.7588	0.9	956898	959147	-750
383.3128	0.9	958283	960532	-750
383.866	0.9	959666	961915	-750
384.4196	0.9	961050	963299	-750
384.974	0.9	962436	964685	-750
385.5268	0.9	963818	966067	-750
386.0808	0.9	965203	967452	-750
386.6352	0.9	966589	968838	-750
387.188	0.9	967971	970220	-750
387.742	0.9	969356	971605	-750
388.2952	0.9	970739	972988	-750
388.8492	0.9	972124	974373	-750
389.4032	0.9	973509	975758	-750
389.9564	0.9	974892	977141	-750
390.5104	0.9	976277	978526	-750
391.0632	0.9	977659	979908	-750
391.6172	0.9	979044	981293	-750
392.1712	0.9	980429	982678	-750
392.7244	0.9	981812	984061	-750
393.2784	0.9	983197	985446	-750
393.8324	0.9	984582	986831	-750
394.3856	0.9	985965	988214	-750
394.9396	0.9	987350	989599	-750
395.4924	0.9	988732	990981	-750
396.0468	0.9	990118	992367	-750
396.6008	0.9	991503	993752	-750
397.1536	0.9	992885	995134	-750
397.7076	0.9	994270	996519	-750
398.2616	0.9	995655	997904	-750
398.8148	0.9	997038	999287	-750
399.3688	0.9	998423	1000672	-750
399.922	0.9	999806	1002055	-750
400.476	0.9	1001191	1003440	-750
401.03	0.9	1002576	1004825	-750
401.5828	0.9	1003958	1006207	-750
402.1372	0.9	1005344	1007593	-750
402.6912	0.9	1006729	1008978	-750
403.244	0.9	1008111	1010360	-750
403.798	0.9	1009496	1011745	-750
404.3512	0.9	1010879	1013128	-750
404.9052	0.9	1012264	1014513	-750
405.4592	0.9	1013649	1015898	-750
406.0124	0.9	1015032	1017281	-750
406.5664	0.9	1016417	1018666	-750
407.1192	0.9	1017799	1020048	-750
407.6736	0.9	1019185	1021434	-750
408.2276	0.9	1020570	1022819	-750
408.7804	0.9	1021952	1024201	-750
409.3344	0.9	1023337	1025586	-750
409.8884	0.9	1024722	1026971	-750
410.4416	0.9	1026105	1028354	-750
410.9956	0.9	1027490	1029739	-750
411.5488	0.9	1028873	1031122	-750
412.1028	0.9	1030258	1032507	-750
412.6568	0.9	1031643	1033892	-750
413.21	0.9	1033026	1035275	-750
413.764	0.9	1034411	1036660	-750
414.318	0.9	1035796	1038045	-750
414.8708	0.9	1037178	1039427	-750
415.4248	0.9	1038563	1040812	-750
415.978	0.9	1039946	1042195	-750
416.532	0.9	1041331	1043580	-750
417.086	0.9	1042716	1044965	-750
417.6392	0.9	1044099	1046348	-750
418.1932	0.9	1045484	1047733	-750
418.746	0.9	1046866	1049115	-750
419.3004	0.9	1048252	1050501	-750
419.8544	0.9	1049637	1051886	-750
420.4072	0.9	1051019	1053268	-750
420.9612	0.9	1052404	1054653	-750
421.5152	0.9	1053789	1056038	-750
422.0684	0.9	1055172	1057421	-750
422.6224	0.9	1056557	1058806	-750
423.1756	0.9	1057940	1060189	-750
423.7296	0.9	1059325	1061574	-750
424.2836	0.9	1060710	1062959	-750
424.8364	0.9	1062092	1064341	-750
425.3904	0.9	1063477	1065726	-750
425.9448	0.9	1064863	1067112	-750
426.4976	0.9	1066245	1068494	-750
427.0516	0.9	1067630	1069879	-750
427.6048	0.9	1069013	1071262	-750
428.1588	0.9	1070398	1072647	-750
428.7128	0.9	1071783	1074032	-750
429.266	0.9	1073166	1075415	-750
429.82	0.9	1074551	1076800	-750
430.3728	0.9	1075933	1078182	-750
430.9268	0.9	1077318	1079567	-750
431.4812	0.9	1078704	1080953	-750
432.034	0.9	1080086	1082335	-750
432.588	0.9	1081471	1083720	-750
433.142	0.9	1082856	1085105	-750
433.6952	0.9	1084239	1086488	-750
434.2492	0.9	1085624	1087873	-750
434.802	0.9	1087006	1089255	-750
435.3564	0.9	1088392	1090641	-750
435.9104	0.9	1089777	1092026	-750
436.4636	0.9	1091160	1093409	-750
437.0172	0.9	1092544	1094793	-750
437.5716	0.9	1093930	1096179	-750
438.1244	0.9	1095312	1097561	-750
438.6784	0.9	1096697	1098946	-750
439.2316	0.9	1098080	1100329	-750
439.7856	0.9	1099465	1101714	-750
440.3396	0.9	1100850	1103099	-750
440.8928	0.9	1102233	1104482	-750
441.4468	0.9	1103618	1105867	-750
441.9996	0.9	1105000	1107249	-750
442.5536	0.9	1106385	1108634	-750
443.1076	0.9	1107770	1110019	-750
443.6608	0.9	1109153	1111402	-750
444.2148	0.9	1110538	1112787	-750
444.7688	0.9	1111923	1114172	-750
445.322	0.9	1113306	1115555	-750
445.876	0.9	1114691	1116940	-750
446.4292	0.9	1116074	1118323	-750
446.9832	0.9	1117459	1119708	-750
447.5372	0.9	1118844	1121093	-750
448.09	0.9	1120226	1122475	-750
448.644	0.9	1121611	1123860	-750
449.198	0.9	1122996	1125245	-750
449.7512	0.9	1124379	1126628	-750
450.3052	0.9	1125764	1128013	-750
450.8584	0.9	1127147	1129396	-750
451.4124	0.9	1128532	1130781	-750
451.9664	0.9	1129917	1132166	-750
452.5192	0.9	1131299	1133548	-750
453.0732	0.9	1132684	1134933	-750
453.6276	0.9	1134070	1136319	-750
454.1804	0.9	1135452	1137701	-750
454.7344	0.9	1136837	1139086	-750
455.2876	0.9	1138220	1140469	-750
455.8416	0.9	1139605	1141854	-750
456.3956	0.9	1140990	1143239	-750
456.9488	0.9	1142373	1144622	-750
457.5028	0.9	1143758	1146007	-750
458.0556	0.9	1145140	1147389	-750
458.61	0.9	1146526	1148775	-750
459.1636	0.9	1147910	1150159	-750
459.7168	0.9	1149293	1151542	-750
460.2708	0.9	1150678	1152927	-750
460.8248	0.9	1152063	1154312	-750
461.378	0.9	1153446	1155695	-750
461.932	0.9	1154831	1157080	-750
462.4852	0.9	1156214	1158463	-750
463.0392	0.9	1157599	1159848	-750
463.5932	0.9	1158984	1161233	-750
464.146	0.9	1160366	1162615	-750
464.7	0.9	1161751	1164000	-750
465.2544	0.9	1163137	1165386	-750
465.8072	0.9	1164519	1166768	-750
466.3612	0.9	1165904	1168153	-750
466.9144	0.9	1167287	1169536	-750
467.4684	0.9	1168672	1170921	-750
468.0224	0.9	1170057	1172306	-750
468.5756	0.9	1171440	1173689	-750
469.1296	0.9	1172825	1175074	-750
469.6824	0.9	1174207	1176456	-750
470.2364	0.9	1175592	1177841	-750
470.7904	0.9	1176977	1179226	-750
471.3436	0.9	1178360	1180609	-750
471.8976	0.9	1179745	1181994	-750
472.4516	0.9	1181130	1183379	-750
473.0048	0.9	1182513	1184762	-750
473.5588	0.9	1183898	1186147	-750
474.112	0.9	1185281	1187530	-750
474.666	0.9	1186666	1188915	-750
475.22	0.9	1188051	1190300	-750
475.7728	0.9	1189433	1191682	-750
476.3272	0.9	1190819	1193068	-750
476.8812	0.9	1192204	1194453	-750
477.434	0.9	1193586	1195835	-750
477.988	0.9	1194971	1197220	-750
478.5412	0.9	1196354	1198603	-750
479.0952	0.9	1197739	1199988	-750
479.6492	0.9	1199124	1201373	-750
480.202	0.9	1200506	1202755	-750
480.7564	0.9	1201892	1204141	-750
481.3104	0.9	1203277	1205526	-750
481.8632	0.9	1204659	1206908	-750
482.4172	0.9	1206044	1208293	-750
482.9704	0.9	1207427	1209676	-750
483.5244	0.9	1208812	1211061	-750
484.0784	0.9	1210197	1212446	-750
484.6316	0.9	1211580	1213829	-750
485.1856	0.9	1212965	1215214	-750
485.7388	0.9	1214348	1216597	-750
486.2928	0.9	1215733	1217982	-750
486.8468	0.9	1217118	1219367	-750
487.3996	0.9	1218500	1220749	-750
487.954	0.9	1219886	1222135	-750
488.5076	0.9	1221270	1223519	-750
489.0608	0.9	1222653	1224902	-750
489.6148	0.9	1224038	1226287	-750
490.168	0.9	1225421	1227670	-750
490.722	0.9	1226806	1229055	-750
491.276	0.9	1228191	1230440	-750
491.8292	0.9	1229574	1231823	-750
492.3832	0.9	1230959	1233208	-750
492.9372	0.9	1232344	1234593	-750
493.49	0.9	1233726	1235975	-750
494.0444	0.9	1235112	1237361	-750
494.5972	0.9	1236494	1238743	-750
495.1512	0.9	1237879	1240128	-750
495.7052	0.9	1239264	1241513	-750
496.2584	0.9	1240647	1242896	-750
496.8124	0.9	1242032	1244281	-750
497.3652	0.9	1243414	1245663	-750
497.9196	0.9	1244800	1247049	-750
498.4736	0.9	1246185	1248434	-750
499.0264	0.9	1247567	1249816	-750
499.5804	0.9	1248952	1251201	-750
500.1348	0.9	1250338	1252587	-750
500.6876	0.9	1251720	1253969	-750
501.2416	0.9	1253105	1255354	-750
501.7948	0.9	1254488	1256737	-750
502.3488	0.9	1255873	1258122	-750
502.9028	0.9	1257258	1259507	-750
503.456	0.9	1258641	1260890	-750
504.01	0.9	1260026	1262275	-750
504.564	0.9	1261411	1263660	-750
505.1168	0.9	1262793	1265042	-750
505.6708	0.9	1264178	1266427	-750
506.224	0.9	1265561	1267810	-750
506.778	0.9	1266946	1269195	-750
507.332	0.9	1268331	1270580	-750
507.8852	0.9	1269714	1271963	-750
508.4392	0.9	1271099	1273348	-750
508.992	0.9	1272481	1274730	-750
509.5464	0.9	1273867	1276116	-750
510.1004	0.9	1275252	1277501	-750
510.6532	0.9	1276634	1278883	-750
511.2072	0.9	1278019	1280268	-750
511.7612	0.9	1279404	1281653	-750
512.3144	0.9	1280787	1283036	-750
512.8684	0.9	1282172	1284421	-750
513.4216	0.9	1283555	1285804	-750
513.9756	0.9	1284940	1287189	-750
514.5296	0.9	1286325	1288574	-750
515.0828	0.9	1287708	1289957	-750
515.6368	0.9	1289093	1291342	-750
516.1908	0.9	1290478	1292727	-750
516.7436	0.9	1291860	1294109	-750
517.2976	0.9	1293245	1295494	-750
517.8508	0.9	1294628	1296877	-750
518.4048	0.9	1296013	1298262	-750
518.9588	0.9	1297398	1299647	-750
519.512	0.9	1298781	1301030	-750
520.066	0.9	1300166	1302415	-750
520.6188	0.9	1301548	1303797	-750
521.1728	0.9	1302933	1305182	-750
521.7272	0.9	1304319	1306568	-750
522.28	0.9	1305701	1307950	-750
522.834	0.9	1307086	1309335	-750
523.388	0.9	1308471	1310720	-750
523.9412	0.9	1309854	1312103	-750
524.4952	0.9	1311239	1313488	-750
525.0484	0.9	1312622	1314871	-750
525.6024	0.9	1314007	1316256	-750
526.1564	0.9	1315392	1317641	-750
526.7092	0.9	1316774	1319023	-750
527.2636	0.9	1318160	1320409	-750
527.8176	0.9	1319545	1321794	-750
528.3704	0.9	1320927	1323176	-750
528.9244	0.9	1322312	1324561	-750
529.4776	0.9	1323695	1325944	-750
530.0316	0.9	1325080	1327329	-750
530.5856	0.9	1326465	1328714	-750
531.1388	0.9	1327848	1330097	-750
531.6928	0.9	1329233	1331482	-750
532.2456	0.9	1330615	1332864	-750
532.8	0.9	1332001	1334250	-750
533.354	0.9	1333386	1335635	-750
533.9068	0.9	1334768	1337017	-750
534.4608	0.9	1336153	1338402	-750
535.0148	0.9	1337538	1339787	-750
535.568	0.9	1338921	1341170	-750
536.122	0.9	1340306	1342555	-750
536.6752	0.9	1341689	1343938	-750
537.2292	0.9	1343074	1345323	-750
537.7832	0.9	1344459	1346708	-750
538.336	0.9	1345841	1348090	-750
538.89	0.9	1347226	1349475	-750
539.444	0.9	1348611	1350860	-750
539.9972	0.9	1349994	1352243	-750
540.5512	0.9	1351379	1353628	-750
541.1044	0.9	1352762	1355011	-750
541.6584	0.9	1354147	1356396	-750
542.2124	0.9	1355532	1357781	-750
542.7656	0.9	1356915	1359164	-750
543.3196	0.9	1358300	1360549	-750
543.8736	0.9	1359685	1361934	-750
544.4264	0.9	1361067	1363316	-750
544.9804	0.9	1362452	1364701	-750
545.5336	0.9	1363835	1366084	-750
546.0876	0.9	1365220	1367469	-750
546.6416	0.9	1366605	1368854	-750
547.1948	0.9	1367988	1370237	-750
547.7488	0.9	1369373	1371622	-750
548.302	0.9	1370756	1373005	-750
548.856	0.9	1372141	1374390	-750
549.41	0.9	1373526	1375775	-750
549.9628	0.9	1374908	1377157	-750
550.5168	0.9	1376293	1378542	-750
551.0712	0.9	1377679	1379928	-750
551.624	0.9	1379061	1381310	-750
552.178	0.9	1380446	1382695	-750
552.7312	0.9	1381829	1384078	-750
553.2852	0.9	1383214	1385463	-750
553.8392	0.9	1384599	1386848	-750
554.3924	0.9	1385982	1388231	-750
554.9464	0.9	1387367	1389616	-750
555.4992	0.9	1388749	1390998	-750
556.0532	0.9	1390134	1392383	-750
556.6072	0.9	1391519	1393768	-750
557.1604	0.9	1392902	1395151	-750
557.7144	0.9	1394287	1396536	-750
558.2684	0.9	1395672	1397921	-750
558.8216	0.9	1397055	1399304	-750
559.3756	0.9	1398440	1400689	-750
559.9284	0.9	1399822	1402071	-750
560.4824	0.9	1401207	1403456	-750
561.0368	0.9	1402593	1404842	-750
561.5896	0.9	1403975	1406224	-750
562.1436	0.9	1405360	1407609	-750
562.6976	0.9	1406745	1408994	-750
563.2508	0.9	1408128	1410377	-750
563.8048	0.9	1409513	1411762	-750
564.358	0.9	1410896	1413145	-750
564.912	0.9	1412281	1414530	-750
565.466	0.9	1413666	1415915	-750
566.0188	0.9	1415048	1417297	-750
566.5732	0.9	1416434	1418683	-750
567.1272	0.9	1417819	1420068	-750
567.68	0.9	1419201	1421450	-750
568.234	0.9	1420586	1422835	-750
568.7872	0.9	1421969	1424218	-750
569.3412	0.9	1423354	1425603	-750
569.8952	0.9	1424739	1426988	-750
570.4484	0.9	1426122	1428371	-750
571.0024	0.9	1427507	1429756	-750
571.5556	0.9	1428890	1431139	-750
572.1096	0.9	1430275	1432524	-750
572.6636	0.9	1431660	1433909	-750
573.2164	0.9	1433042	1435291	-750
573.7708	0.9	1434428	1436677	-750
574.3248	0.9	1435813	1438062	-750
574.8776	0.9	1437195	1439444	-750
575.4316	0.9	1438580	1440829	-750
575.9848	0.9	1439963	1442212	-750
576.5388	0.9	1441348	1443597	-750
577.0928	0.9	1442733	1444982	-750
577.6456	0.9	1444115	1446364	-750
578.2	0.9	1445501	1447750	-750
578.754	0.9	1446886	1449135	-750
579.3068	0.9	1448268	1450517	-750
579.8608	0.9	1449653	1451902	-750
580.414	0.9	1451036	1453285	-750
580.968	0.9	1452421	1454670	-750
581.522	0.9	1453806	1456055	-750
582.0748	0.9	1455188	1457437	-750
582.6292	0.9	1456574	1458823	-750
583.1832	0.9	1457959	1460208	-750
583.736	0.9	1459341	1461590	-750
584.2904	0.9	1460727	1462976	-750
584.8432	0.9	1462109	1464358	-750
585.3972	0.9	1463494	1465743	-750
585.9512	0.9	1464879	1467128	-750
586.5044	0.9	1466262	1468511	-750
587.0584	0.9	1467647	1469896	-750
587.6116	0.9	1469030	1471279	-750
588.1656	0.9	1470415	1472664	-750
588.7196	0.9	1471800	1474049	-750
589.2724	0.9	1473182	1475431	-750
589.8264	0.9	1474567	1476816	-750
590.3808	0.9	1475953	1478202	-750
590.9336	0.9	1477335	1479584	-750
591.4876	0.9	1478720	1480969	-750
592.0408	0.9	1480103	1482352	-750
592.5948	0.9	1481488	1483737	-750
593.1488	0.9	1482873	1485122	-750
593.702	0.9	1484256	1486505	-750
594.256	0.9	1485641	1487890	-750
594.81	0.9	1487026	1489275	-750
595.3628	0.9	1488408	1490657	-750
595.9172	0.9	1489794	1492043	-750
596.47	0.9	1491176	1493425	-750
597.024	0.9	1492561	1494810	-750
597.578	0.9	1493946	1496195	-750
598.1312	0.9	1495329	1497578	-750
598.6852	0.9	1496714	1498963	-750
599.2384	0.9	1498097	1500346	-750
599.7924	0.9	1499482	1501731	-750
600.3464	0.9	1500867	1503116	-750
600.8992	0.9	1502249	1504498	-750
601.4532	0.9	1503634	1505883	-750
602.0072	0.9	1505019	1507268	-750
602.5604	0.9	1506402	1508651	-750
603.1144	0.9	1507787	1510036	-750
603.6676	0.9	1509170	1511419	-750
604.2216	0.9	1510555	1512804	-750
604.7756	0.9	1511940	1514189	-750
605.3288	0.9	1513323	1515572	-750
605.8828	0.9	1514708	1516957	-750
606.4368	0.9	1516093	1518342	-750
606.9896	0.9	1517475	1519724	-750
607.5436	0.9	1518860	1521109	-750
608.0968	0.9	1520243	1522492	-750
608.6508	0.9	1521628	1523877	-750
609.2048	0.9	1523013	1525262	-750
609.758	0.9	1524396	1526645	-750
610.312	0.9	1525781	1528030	-750
610.8648	0.9	1527163	1529412	-750
611.4192	0.9	1528549	1530798	-750
611.9732	0.9	1529934	1532183	-750
612.526	0.9	1531316	1533565	-750
613.08	0.9	1532701	1534950	-750
613.6344	0.9	1534087	1536336	-750
614.1872	0.9	1535469	1537718	-750
614.7412	0.9	1536854	1539103	-750
615.2944	0.9	1538237	1540486	-750
615.8484	0.9	1539622	1541871	-750
616.4024	0.9	1541007	1543256	-750
616.9556	0.9	1542390	1544639	-750
617.5096	0.9	1543775	1546024	-750
618.0636	0.9	1545160	1547409	-750
618.6164	0.9	1546542	1548791	-750
619.1704	0.9	1547927	1550176	-750
619.7236	0.9	1549310	1551559	-750
620.2776	0.9	1550695	1552944	-750
620.8316	0.9	1552080	1554329	-750
621.3848	0.9	1553463	1555712	-750
621.9388	0.9	1554848	1557097	-750
622.4916	0.9	1556230	1558479	-750
623.046	0.9	1557616	1559865	-750
623.6	0.9	1559001	1561250	-750
624.1528	0.9	1560383	1562632	-750
624.7068	0.9	1561768	1564017	-750
625.2608	0.9	1563153	1565402	-750
625.814	0.9	1564536	1566785	-750
626.368	0.9	1565921	1568170	-750
626.9212	0.9	1567304	1569553	-750
627.4752	0.9	1568689	1570938	-750
628.0292	0.9	1570074	1572323	-750
628.582	0.9	1571456	1573705	-750
629.1364	0.9	1572842	1575091	-750
629.6904	0.9	1574227	1576476	-750
630.2432	0.9	1575609	1577858	-750
630.7972	0.9	1576994	1579243	-750
631.3504	0.9	1578377	1580626	-750
631.9044	0.9	1579762	1582011	-750
632.4584	0.9	1581147	1583396	-750
633.0116	0.9	1582530	1584779	-750
633.5656	0.9	1583915	1586164	-750
634.1184	0.9	1585297	1587546	-750
634.6724	0.9	1586682	1588931	-750
635.2268	0.9	1588068	1590317	-750
635.7796	0.9	1589450	1591699	-750
636.3336	0.9	1590835	1593084	-750
636.8876	0.9	1592220	1594469	-750
637.4408	0.9	1593603	1595852	-750
637.9948	0.9	1594988	1597237	-750
638.548	0.9	1596371	1598620	-750
639.102	0.9	1597756	1600005	-750
639.656	0.9	1599141	1601390	-750
640.2088	0.9	1600523	1602772	-750
640.7628	0.9	1601908	1604157	-750
641.3172	0.9	1603294	1605543	-750
641.87	0.9	1604676	1606925	-750
642.424	0.9	1606061	1608310	-750
642.9772	0.9	1607444	1609693	-750
643.5312	0.9	1608829	1611078	-750
644.0852	0.9	1610214	1612463	-750
644.6384	0.9	1611597	1613846	-750
645.1924	0.9	1612982	1615231	-750
645.7452	0.9	1614364	1616613	-750
646.2992	0.9	1615749	1617998	-750
646.8536	0.9	1617135	1619384	-750
647.4064	0.9	1618517	1620766	-750
647.9604	0.9	1619902	1622151	-750
648.5144	0.9	1621287	1623536	-750
649.0676	0.9	1622670	1624919	-750
649.6216	0.9	1624055	1626304	-750
650.1748	0.9	1625438	1627687	-750
650.7288	0.9	1626823	1629072	-750
651.2828	0.9	1628208	1630457	-750
651.8356	0.9	1629590	1631839	-750
652.3896	0.9	1630975	1633224	-750
652.944	0.9	1632361	1634610	-750
653.4968	0.9	1633743	1635992	-750
654.0508	0.9	1635128	1637377	-750
654.604	0.9	1636511	1638760	-750
655.158	0.9	1637896	1640145	-750
655.712	0.9	1639281	1641530	-750
656.2648	0.9	1640663	1642912	-750
656.8192	0.9	1642049	1644298	-750
657.372	0.9	1643431	1645680	-750
657.9264	0.9	1644817	1647066	-750
658.48	0.9	1646201	1648450	-750
659.0332	0.9	1647584	1649833	-750
659.5872	0.9	1648969	1651218	-750
660.1412	0.9	1650354	1652603	-750
660.6944	0.9	1651737	1653986	-750
661.2484	0.9	1653122	1655371	-750
661.8012	0.9	1654504	1656753	-750
662.3556	0.9	1655890	1658139	-750
662.9096	0.9	1657275	1659524	-750
663.4624	0.9	1658657	1660906	-750
664.0168	0.9	1660043	1662292	-750
664.5708	0.9	1661428	1663677	-750
665.1236	0.9	1662810	1665059	-750
665.6776	0.9	1664195	1666444	-750
666.2308	0.9	1665578	1667827	-750
666.7848	0.9	1666963	1669212	-750
667.3388	0.9	1668348	1670597	-750
667.892	0.9	1669731	1671980	-750
668.446	0.9	1671116	1673365	-750
668.9988	0.9	1672498	1674747	-750
669.5528	0.9	1673883	1676132	-750
670.1068	0.9	1675268	1677517	-750
670.66	0.9	1676651	1678900	-750
671.214	0.9	1678036	1680285	-750
671.768	0.9	1679421	1681670	-750
672.3212	0.9	1680804	1683053	-750
672.8752	0.9	1682189	1684438	-750
673.4284	0.9	1683572	1685821	-750
673.9824	0.9	1684957	1687206	-750
674.5364	0.9	1686342	1688591	-750
675.0892	0.9	1687724	1689973	-750
675.6432	0.9	1689109	1691358	-750
676.1976	0.9	1690495	1692744	-750
676.7504	0.9	1691877	1694126	-750
677.3044	0.9	1693262	1695511	-750
677.8572	0.9	1694644	1696893	-750
678.4116	0.9	1696030	1698279	-750
678.9656	0.9	1697415	1699664	-750
679.5188	0.9	1698798	1701047	-750
680.0728	0.9	1700183	1702432	-750
680.6268	0.9	1701568	1703817	-750
681.1796	0.9	1702950	1705199	-750
681.7336	0.9	1704335	1706584	-750
682.2868	0.9	1705718	1707967	-750
682.8408	0.9	1707103	1709352	-750
683.3948	0.9	1708488	1710737	-750
683.948	0.9	1709871	1712120	-750
684.502	0.9	1711256	1713505	-750
685.0548	0.9	1712638	1714887	-750
685.6088	0.9	1714023	1716272	-750
686.1632	0.9	1715409	1717658	-750
686.716	0.9	1716791	1719040	-750
687.27	0.9	1718176	1720425	-750
687.824	0.9	1719561	1721810	-750
688.3772	0.9	1720944	1723193	-750
688.9312	0.9	1722329	1724578	-750
689.4844	0.9	1723712	1725961	-750
690.0384	0.9	1725097	1727346	-750
690.5924	0.9	1726482	1728731	-750
691.1452	0.9	1727864	1730113	-750
691.6996	0.9	1729250	1731499	-750
692.2532	0.9	1730634	1732883	-750
692.8064	0.9	1732017	1734266	-750
693.3604	0.9	1733402	1735651	-750
693.9136	0.9	1734785	1737034	-750
694.4676	0.9	1736170	1738419	-750
695.0216	0.9	1737555	1739804	-750
695.5748	0.9	1738938	1741187	-750
696.1288	0.9	1740323	1742572	-750
696.6816	0.9	1741705	1743954	-750
697.236	0.9	1743091	1745340	-750
697.79	0.9	1744476	1746725	-750
698.3428	0.9	1745858	1748107	-750
698.8968	0.9	1747243	1749492	-750
699.4508	0.9	1748628	1750877	-750
700.004	0.9	1750011	1752260	-750
700.558	0.9	1751396	1753645	-750
701.1112	0.9	1752779	1755028	-750
701.6652	0.9	1754164	1756413	-750
702.2192	0.9	1755549	1757798	-750
702.772	0.9	1756931	1759180	-750
703.3264	0.9	1758317	1760566	-750
703.8792	0.9	1759699	1761948	-750
704.4332	0.9	1761084	1763333	-750
704.9872	0.9	1762469	1764718	-750
705.5404	0.9	1763852	1766101	-750
706.0944	0.9	1765237	1767486	-750
706.6484	0.9	1766622	1768871	-750
707.2016	0.9	1768005	1770254	-750
707.7556	0.9	1769390	1771639	-750
708.3096	0.9	1770775	1773024	-750
708.8624	0.9	1772157	1774406	-750
709.4168	0.9	1773543	1775792	-750
709.9696	0.9	1774925	1777174	-750
710.5236	0.9	1776310	1778559	-750
711.0776	0.9	1777695	1779944	-750
711.6308	0.9	1779078	1781327	-750
712.1848	0.9	1780463	1782712	-750
712.738	0.9	1781846	1784095	-750
713.292	0.9	1783231	1785480	-750
713.846	0.9	1784616	1786865	-750
714.3988	0.9	1785998	1788247	-750
714.9528	0.9	1787383	1789632	-750
715.5068	0.9	1788768	1791017	-750
716.06	0.9	1790151	1792400	-750
716.614	0.9	1791536	1793785	-750
717.1672	0.9	1792919	1795168	-750
717.7212	0.9	1794304	1796553	-750
718.2752	0.9	1795689	1797938	-750
718.8284	0.9	1797072	1799321	-750
719.3824	0.9	1798457	1800706	-750
719.9364	0.9	1799842	1802091	-750
720.4892	0.9	1801224	1803473	-750
721.0436	0.9	1802610	1804859	-750
721.5964	0.9	1803992	1806241	-750
722.1504	0.9	1805377	1807626	-750
722.7044	0.9	1806762	1809011	-750
723.2576	0.9	1808145	1810394	-750
723.8116	0.9	1809530	1811779	-750
724.3648	0.9	1810913	1813162	-750
724.9188	0.9	1812298	1814547	-750
725.4728	0.9	1813683	1815932	-750
726.0256	0.9	1815065	1817314	-750
726.5796	0.9	1816450	1818699	-750
727.1336	0.9	1817835	1820084	-750
727.6868	0.9	1819218	1821467	-750
728.2408	0.9	1820603	1822852	-750
728.794	0.9	1821986	1824235	-750
729.348	0.9	1823371	1825620	-750
729.902	0.9	1824756	1827005	-750
730.4548	0.9	1826138	1828387	-750
731.0092	0.9	1827524	1829773	-750
731.5632	0.9	1828909	1831158	-750
732.116	0.9	1830291	1832540	-750
732.67	0.9	1831676	1833925	-750
733.2232	0.9	1833059	1835308	-750
733.7772	0.9	1834444	1836693	-750
734.3312	0.9	1835829	1838078	-750
734.8844	0.9	1837212	1839461	-750
735.4384	0.9	1838597	1840846	-750
735.9912	0.9	1839979	1842228	-750
736.5452	0.9	1841364	1843613	-750
737.0996	0.9	1842750	1844999	-750
737.6524	0.9	1844132	1846381	-750
738.2064	0.9	1845517	1847766	-750
738.7604	0.9	1846902	1849151	-750
739.3136	0.9	1848285	1850534	-750
739.8676	0.9	1849670	1851919	-750
740.4208	0.9	1851053	1853302	-750
740.9748	0.9	1852438	1854687	-750
741.5288	0.9	1853823	1856072	-750
742.0816	0.9	1855205	1857454	-750
742.636	0.9	1856591	1858840	-750
743.19	0.9	1857976	1860225	-750
743.7428	0.9	1859358	1861607	-750
744.2968	0.9	1860743	1862992	-750
744.85	0.9	1862126	1864375	-750
745.404	0.9	1863511	1865760	-750
745.958	0.9	1864896	1867145	-750
746.5112	0.9	1866279	1868528	-750
747.0652	0.9	1867664	1869913	-750
747.6192	0.9	1869049	1871298	-750
748.1724	0.9	1870432	1872681	-750
748.7264	0.9	1871817	1874066	-750
749.2792	0.9	1873199	1875448	-750
749.8332	0.9	1874584	1876833	-750
750.3872	0.9	1875969	1878218	-750
750.9404	0.9	1877352	1879601	-750
751.4944	0.9	1878737	1880986	-750
752.0476	0.9	1880120	1882369	-750
752.6016	0.9	1881505	1883754	-750
753.1556	0.9	1882890	1885139	-750
753.7084	0.9	1884272	1886521	-750
754.2624	0.9	1885657	1887906	-750
754.8156	0.9	1887040	1889289	-750
755.3696	0.9	1888425	1890674	-750
755.9236	0.9	1889810	1892059	-750
756.4768	0.9	1891193	1893442	-750
757.0308	0.9	1892578	1894827	-750
757.5848	0.9	1893963	1896212	-750
758.1376	0.9	1895345	1897594	-750
758.692	0.9	1896731	1898980	-750
759.2448	0.9	1898113	1900362	-750
759.7988	0.9	1899498	1901747	-750
760.3528	0.9	1900883	1903132	-750
760.906	0.9	1902266	1904515	-750
761.46	0.9	1903651	1905900	-750
762.014	0.9	1905036	1907285	-750
762.5672	0.9	1906419	1908668	-750
763.1212	0.9	1907804	1910053	-750
763.6744	0.9	1909187	1911436	-750
764.2284	0.9	1910572	1912821	-750
764.7824	0.9	1911957	1914206	-750
765.3352	0.9	1913339	1915588	-750
765.8892	0.9	1914724	1916973	-750
766.4436	0.9	1916110	1918359	-750
766.9964	0.9	1917492	1919741	-750
767.5504	0.9	1918877	1921126	-750
768.1036	0.9	1920260	1922509	-750
768.6576	0.9	1921645	1923894	-750
769.2116	0.9	1923030	1925279	-750
769.7648	0.9	1924413	1926662	-750
770.3188	0.9	1925798	1928047	-750
770.8728	0.9	1927183	1929432	-750
771.4256	0.9	1928565	1930814	-750
771.98	0.9	1929951	1932200	-750
772.5328	0.9	1931333	1933582	-750
773.0868	0.9	1932718	1934967	-750
773.6408	0.9	1934103	1936352	-750
774.194	0.9	1935486	1937735	-750
774.748	0.9	1936871	1939120	-750
775.3008	0.9	1938253	1940502	-750
775.8552	0.9	1939639	1941888	-750
776.4092	0.9	1941024	1943273	-750
776.962	0.9	1942406	1944655	-750
777.516	0.9	1943791	1946040	-750
778.0704	0.9	1945177	1947426	-750
778.6232	0.9	1946559	1948808	-750
779.1772	0.9	1947944	1950193	-750
779.7304	0.9	1949327	1951576	-750
780.2844	0.9	1950712	1952961	-750
780.8384	0.9	1952097	1954346	-750
781.3916	0.9	1953480	1955729	-750
781.9456	0.9	1954865	1957114	-750
782.4996	0.9	1956250	1958499	-750
783.0524	0.9	1957632	1959881	-750
783.6064	0.9	1959017	1961266	-750
784.1596	0.9	1960400	1962649	-750
784.7136	0.9	1961785	1964034	-750
785.2676	0.9	1963170	1965419	-750
785.8208	0.9	1964553	1966802	-750
786.3748	0.9	1965938	1968187	-750
786.928	0.9	1967321	1969570	-750
787.482	0.9	1968706	1970955	-750
788.036	0.9	1970091	1972340	-750
788.5888	0.9	1971473	1973722	-750
789.1428	0.9	1972858	1975107	-750
789.6972	0.9	1974244	1976493	-750
790.25	0.9	1975626	1977875	-750
790.804	0.9	1977011	1979260	-750
791.3572	0.9	1978394	1980643	-750
791.9112	0.9	1979779	1982028	-750
792.4652	0.9	1981164	1983413	-750
793.0184	0.9	1982547	1984796	-750
793.5724	0.9	1983932	1986181	-750
794.126	0.9	1985316	1987565	-750
794.6792	0.9	1986699	1988948	-750
795.2332	0.9	1988084	1990333	-750
795.7864	0.9	1989467	1991716	-750
796.3404	0.9	1990852	1993101	-750
796.8944	0.9	1992237	1994486	-750
797.4476	0.9	1993620	1995869	-750
798.0016	0.9	1995005	1997254	-750
798.5556	0.9	1996390	1998639	-750
799.1088	0.9	1997773	2000022	-750
799.6628	0.9	1999158	2001407	-750
800.2156	0.9	2000540	2002789	-750
800.7696	0.9	2001925	2004174	-750
801.3236	0.9	2003310	2005559	-750
801.8768	0.9	2004693	2006942	-750
802.4308	0.9	2006078	2008327	-750
802.984	0.9	2007461	2009710	-750
803.538	0.9	2008846	2011095	-750
804.092	0.9	2010231	2012480	-750
804.6448	0.9	2011613	2013862	-750
805.1992	0.9	2012999	2015248	-750
805.7532	0.9	2014384	2016633	-750
806.306	0.9	2015766	2018015	-750
